page-2,page-3,page-4,page-5
https://www.allrecipes.com/recipe/17865/moms-oatmeal-blueberry-pancakes/,https://www.allrecipes.com/recipe/257942/quinoa-pancakes-gluten-free/,https://www.allrecipes.com/recipe/180684/whole-wheat-and-quinoa-pancakes/,https://www.allrecipes.com/recipe/245804/soaked-buckwheat-oat-pancakes/
https://www.allrecipes.com/recipe/219653/kentucky-lace-cakes/,https://www.allrecipes.com/recipe/232917/whole-wheat-cinnamon-pancakes/,https://www.allrecipes.com/recipe/283174/whole-wheat-peanut-butter-pancakes-with-chocolate-chips/,https://www.allrecipes.com/recipe/280597/cream-of-wheat-pancakes/
https://www.allrecipes.com/recipe/239528/oatmeal-raisin-cookie-pancakes/,https://www.allrecipes.com/recipe/258479/oat-cakes/,https://www.allrecipes.com/recipe/24136/bobs-cinnamon-oatmeal-pancakes/,https://www.allrecipes.com/recipe/258393/banana-chocolate-chip-oatmeal-protein-pancakes/
https://www.allrecipes.com/recipe/279446/overnight-sourdough-buckwheat-pancakes/,https://www.allrecipes.com/recipe/260550/swedish-pancakes-vegan/,https://www.allrecipes.com/recipe/244545/overnight-oatmeal-pancakes/,https://www.allrecipes.com/recipe/245508/dairy-free-spelt-german-pancake/
https://www.allrecipes.com/recipe/73855/sweet-potato-oat-pancakes/,https://www.allrecipes.com/recipe/246924/healthy-jackfruit-pancake/,https://www.allrecipes.com/recipe/246493/gluten-free-naturally-sweetened-banana-pancakes/,https://www.allrecipes.com/recipe/260543/tasty-protein-pancakes/
https://www.allrecipes.com/recipe/216762/garbanzo-oat-pancakes/,https://www.allrecipes.com/recipe/239940/pumpkin-cornmeal-pancakes/,https://www.allrecipes.com/recipe/272419/100-whole-wheat-harvest-pancakes/,https://www.allrecipes.com/recipe/263962/vegan-protein-pancakes-with-apple-syrup/
https://www.allrecipes.com/recipe/205679/savory-filled-cottage-cheese-pancakes/,https://www.allrecipes.com/recipe/262052/arepas-corn-griddle-cakes/,https://www.allrecipes.com/recipe/260556/homemade-buckwheat-hot-cakes/,https://www.allrecipes.com/recipe/272873/easy-blueberry-whole-wheat-blender-pancakes/
https://www.allrecipes.com/recipe/236213/amaranth-pancakes/,https://www.allrecipes.com/recipe/213560/peanut-butter-and-jelly-oatmeal-pancakes/,https://www.allrecipes.com/recipe/273640/dairy-free-oatmeal-cookie-pancakes/,https://www.allrecipes.com/recipe/260487/healthier-gluten-free-pancakes/
https://www.allrecipes.com/recipe/260544/vanilla-cinnamon-protein-pancakes/,https://www.allrecipes.com/recipe/260552/oat-griddle-cakes/,https://www.allrecipes.com/recipe/257944/pumpkin-quinoa-pancakes/,https://www.allrecipes.com/recipe/260534/whole-wheat-blueberry-crepes/
https://www.allrecipes.com/recipe/242132/saturday-morning-blueberry-pancakes/,https://www.allrecipes.com/recipe/254761/quinoa-buckwheat-pancakes/,https://www.allrecipes.com/recipe/239839/whole-grain-pancakes/,
https://www.allrecipes.com/recipe/139035/banana-brown-sugar-pancakes/,https://www.allrecipes.com/recipe/239967/whole-wheat-chocolate-chip-pancakes/,https://www.allrecipes.com/recipe/264824/paleo-pancakes-v4/,
https://www.allrecipes.com/recipe/21385/oatmeal-pancakes-i/,https://www.allrecipes.com/recipe/236478/coconut-buckwheat-pancakes/,https://www.allrecipes.com/recipe/240503/oatmeal-pancakes-with-apple-maple-sauce/,
https://www.allrecipes.com/recipe/270924/low-cholesterol-whole-wheat-pancakes/,https://www.allrecipes.com/recipe/7060/golly-gee-gluten-free-pancakes/,https://www.allrecipes.com/recipe/245193/blueberry-chia-seed-pancakes/,
https://www.allrecipes.com/recipe/21212/easy-amaranth-pancakes/,https://www.allrecipes.com/recipe/277619/pumpkin-banana-pancakes/,https://www.allrecipes.com/recipe/257826/fluffy-whole-wheat-pancakes/,
https://www.allrecipes.com/recipe/258798/gluten-free-blueberry-banana-buckwheat-pancakes/,https://www.allrecipes.com/recipe/44767/dads-double-whole-grain-pancakes/,https://www.allrecipes.com/recipe/240860/vegan-whole-wheat-apple-pancakes/,
https://www.allrecipes.com/recipe/13957/cheddar-corn-pancakes/,https://www.allrecipes.com/recipe/33106/delicious-pancakes/,https://www.allrecipes.com/recipe/275623/spiced-whole-wheat-pancakes/,
https://www.allrecipes.com/recipe/241169/orange-pancakes/,https://www.allrecipes.com/recipe/223104/oatmeal-rhubarb-pancakes/,https://www.allrecipes.com/recipe/263636/vegan-overnight-pancakes/,
https://www.allrecipes.com/recipe/242242/barley-oat-pancakes/,https://www.allrecipes.com/recipe/228328/whole-grain-spelt-and-flax-seed-pancakes-got-berries/,https://www.allrecipes.com/recipe/260732/trailside-apple-pancakes/,
https://www.allrecipes.com/recipe/274759/gluten-free-buttermilk-pancakes/,https://www.allrecipes.com/recipe/270396/green-oat-pancakes-for-st-patricks-day/,https://www.allrecipes.com/recipe/236897/cheesy-wheat-pancakes/,
https://www.allrecipes.com/recipe/59853/easy-vegan-whole-grain-pancakes/,https://www.allrecipes.com/recipe/230693/oatmeal-cookie-pancakes/,https://www.allrecipes.com/recipe/274693/gluten-free-chocolate-chip-blueberry-pancakes/,
https://www.allrecipes.com/recipe/88008/raised-griddle-cakes/,https://www.allrecipes.com/recipe/255820/perfect-paleo-coconut-pancakes/,https://www.allrecipes.com/recipe/272869/whole-wheat-blender-pancakes/,
https://www.allrecipes.com/recipe/235984/gluten-free-protein-pancakes/,https://www.allrecipes.com/recipe/255199/paleo-blueberry-cast-iron-pancake/,https://www.allrecipes.com/recipe/273261/crazy-good-healthier-buttermilk-pancakes/,
https://www.allrecipes.com/recipe/257012/oatmeal-cinnamon-pancakes/,https://www.allrecipes.com/recipe/257217/cranberry-orange-pancakes/,https://www.allrecipes.com/recipe/267086/quick-and-easy-pumpkin-pancakes/,
https://www.allrecipes.com/recipe/260486/gluten-free-buckwheat-pancakes/,https://www.allrecipes.com/recipe/258329/multigrain-quinoa-pancakes/,https://www.allrecipes.com/recipe/257945/banana-quinoa-pancakes/
