page-2,page-3,page-4,page-5,page-6,page-7,page-8,page-9,page-10,page-11,page-12
https://www.allrecipes.com/recipe/27184/apples-by-the-fire/,https://www.allrecipes.com/recipe/174343/chocolate-banana-tofu-pudding/,https://www.allrecipes.com/recipe/216778/easy-baked-apples/,https://www.allrecipes.com/recipe/173556/vegan-carrot-cake/,https://www.allrecipes.com/recipe/222098/healthier-white-chocolate-raspberry-cheesecake/,https://www.allrecipes.com/recipe/222127/healthier-chocolate-covered-strawberries/,https://www.allrecipes.com/recipe/69627/banana-custard-scrunch/,https://www.allrecipes.com/recipe/87050/brazilian-bananas/,https://www.allrecipes.com/recipe/14331/fresh-cranberry-salad/,https://www.allrecipes.com/recipe/222141/healthier-best-chocolate-chip-cookies/,https://www.allrecipes.com/recipe/215626/pumpkin-frozen-yogurt/
https://www.allrecipes.com/recipe/76988/mango-gazpacho/,https://www.allrecipes.com/recipe/37097/peach-brulee/,https://www.allrecipes.com/recipe/9331/spiced-apples/,https://www.allrecipes.com/recipe/21183/squash-and-apple-soup/,https://www.allrecipes.com/recipe/78093/honey-baked-apples/,https://www.allrecipes.com/recipe/223574/avocado-ice-pops/,https://www.allrecipes.com/recipe/9163/moores-cranberry-gelatin-salad/,https://www.allrecipes.com/recipe/222104/healthier-beths-spicy-oatmeal-raisin-cookies/,https://www.allrecipes.com/recipe/84119/lemon-raisin-couscous-cake/,https://www.allrecipes.com/recipe/82600/poached-pears-with-wine-vinaigrette/,https://www.allrecipes.com/recipe/26428/honeydew-blueberry-soup/
https://www.allrecipes.com/recipe/222841/grandma-moyers-rhubarb-and-strawberry-coffee-cake/,https://www.allrecipes.com/recipe/258707/gluten-free-raspberry-lemon-cake/,https://www.allrecipes.com/recipe/237034/slow-cooker-apple-cinnamon-bread-pudding/,https://www.allrecipes.com/recipe/222032/lemon-blueberry-yogurt-parfait/,https://www.allrecipes.com/recipe/254294/mini-berry-trifles-in-a-jar/,https://www.allrecipes.com/recipe/20924/candied-apples-i/,https://www.allrecipes.com/recipe/229494/guilt-free-apple-cobbler/,https://www.allrecipes.com/recipe/25693/curried-apple-and-leek-soup/,https://www.allrecipes.com/recipe/222075/healthier-peanut-butter-cup-cookies/,https://www.allrecipes.com/recipe/221928/candied-kumquat-peels/,https://www.allrecipes.com/recipe/214909/grilled-peaches-with-gingersnaps/
https://www.allrecipes.com/recipe/233530/easy-crunchy-berry-parfaits/,https://www.allrecipes.com/recipe/222113/healthier-carrot-cake-iii/,https://www.allrecipes.com/recipe/14339/frozen-fruit-salad/,https://www.allrecipes.com/recipe/222125/healthier-no-bake-cookies-i/,https://www.allrecipes.com/recipe/267252/dessert-yogurt-protein-bowl/,https://www.allrecipes.com/recipe/15416/rachels-cream-cheese-fruit-salad/,https://www.allrecipes.com/recipe/14389/party-cranberry-salad/,https://www.allrecipes.com/recipe/56139/pumpkin-rice-pudding/,https://www.allrecipes.com/recipe/10650/cookie-mix-in-a-jar-ix/,https://www.allrecipes.com/recipe/9499/delicious-whole-wheat-fruitcake-cookies/,https://www.allrecipes.com/recipe/12530/sparkling-grapefruit-pie/
https://www.allrecipes.com/recipe/20340/power-cookies/,https://www.allrecipes.com/recipe/215145/plum-flummery/,https://www.allrecipes.com/recipe/256264/banana-tempura/,https://www.allrecipes.com/recipe/222421/lime-and-tequila-infused-strawberries/,https://www.allrecipes.com/recipe/87043/strawberries-in-spiced-syrup/,https://www.allrecipes.com/recipe/17671/cran-raspberry-gelatin-mold/,https://www.allrecipes.com/recipe/240209/azteca-cocoa-rice-pudding/,https://www.allrecipes.com/recipe/12608/apple-slump/,https://www.allrecipes.com/recipe/241042/berry-punch-parfaits/,https://www.allrecipes.com/recipe/222140/healthier-best-big-fat-chewy-chocolate-chip-cookie/,https://www.allrecipes.com/recipe/222175/creamy-earl-grey-rice-pudding/
https://www.allrecipes.com/recipe/276543/healthier-apple-crisp-for-two/,https://www.allrecipes.com/recipe/234473/banana-chia-pudding/,https://www.allrecipes.com/recipe/258476/healthy-and-tasty-strawberry-sherbet/,https://www.allrecipes.com/recipe/15941/apple-pie-iv/,https://www.allrecipes.com/recipe/19575/apple-raisin-cakes/,https://www.allrecipes.com/recipe/215980/simple-broiled-grapefruit/,https://www.allrecipes.com/recipe/256313/tiny-banana-cream-pies/,https://www.allrecipes.com/recipe/105360/champagne-with-strawberries/,https://www.allrecipes.com/recipe/244242/broiled-spiced-grapefruit/,https://www.allrecipes.com/recipe/85820/orange-pumpkin-gelatin/,https://www.allrecipes.com/recipe/20366/dairy-free-chocolate-pudding/
https://www.allrecipes.com/recipe/162137/blueberry-pie-in-a-jar/,https://www.allrecipes.com/recipe/12463/dutch-oven-apple-crisp/,https://www.allrecipes.com/recipe/23182/vanilla-berry-parfaits/,https://www.allrecipes.com/recipe/73347/strawberry-champagne-soup/,https://www.allrecipes.com/recipe/20469/frozen-sherbet-dessert/,https://www.allrecipes.com/recipe/214632/poires-au-vin-rouge-pears-in-red-wine/,https://www.allrecipes.com/recipe/222110/healthier-big-soft-ginger-cookies/,https://www.allrecipes.com/recipe/261004/maple-banana-ice-cream/,https://www.allrecipes.com/recipe/15281/berry-soup/,https://www.allrecipes.com/recipe/41620/grand-marnier-apples-with-ice-cream/,https://www.allrecipes.com/recipe/254861/green-apple-sorbet-with-pistachios/
https://www.allrecipes.com/recipe/190456/raspberry-sorbet-or-granita/,https://www.allrecipes.com/recipe/222128/healthier-best-brownies/,https://www.allrecipes.com/recipe/146076/low-fat-chocolate-sicilian-gelato/,https://www.allrecipes.com/recipe/14436/chloes-quick-fruit-salad/,https://www.allrecipes.com/recipe/215063/limeabalemon-glaciate/,https://www.allrecipes.com/recipe/11297/raw-brownies/,https://www.allrecipes.com/recipe/256266/blended-banana-ice-cream/,https://www.allrecipes.com/recipe/222114/healthier-chantals-new-york-cheesecake/,https://www.allrecipes.com/recipe/244785/whipped-raspberry-instant-pudding/,https://www.allrecipes.com/recipe/238991/sweet-beet-candy/,https://www.allrecipes.com/recipe/9512/unbaked-fruitcake-ii/
https://www.allrecipes.com/recipe/256723/baked-bananas/,https://www.allrecipes.com/recipe/223068/tropsicles/,https://www.allrecipes.com/recipe/16107/apple-pie-filling-ii/,https://www.allrecipes.com/recipe/242130/watermelon-ice-cream-sugar-free/,https://www.allrecipes.com/recipe/17523/mincemeat-iii/,https://www.allrecipes.com/recipe/214110/grandmas-stewed-rhubarb/,https://www.allrecipes.com/recipe/259145/simple-strawberry-sherbet/,https://www.allrecipes.com/recipe/16004/tropical-mango-mousse/,https://www.allrecipes.com/recipe/142594/forest-fruits-cloud-pudding/,https://www.allrecipes.com/recipe/247142/homemade-fruit-medley-baby-food/,https://www.allrecipes.com/recipe/259146/tropical-delight-sherbet/
https://www.allrecipes.com/recipe/254421/chewy-watermelon-rind-candy/,https://www.allrecipes.com/recipe/254215/one-ingredient-sorbet/,https://www.allrecipes.com/recipe/215595/ashure/,https://www.allrecipes.com/recipe/34816/flax-seed-carrot-cake/,https://www.allrecipes.com/recipe/215140/macedonian-plum-dumplings/,https://www.allrecipes.com/recipe/229386/cranberry-jell-o-salad/,https://www.allrecipes.com/recipe/24694/baked-carrot-pudding/,https://www.allrecipes.com/recipe/219918/apple-tapioca-pudding/,https://www.allrecipes.com/recipe/144912/spiced-plantains-and-pineapple/,https://www.allrecipes.com/recipe/13818/spiced-pineapple-pumpkin-delight/,https://www.allrecipes.com/recipe/245344/poached-pomegranate-pears/
https://www.allrecipes.com/recipe/12205/no-oat-apple-crisp/,https://www.allrecipes.com/recipe/17068/banana-oat-bread-pudding/,https://www.allrecipes.com/recipe/12600/rumbleberry-crisp/,https://www.allrecipes.com/recipe/231800/raspados-de-tamarindo-tamarind-ices/,https://www.allrecipes.com/recipe/222139/healthier-classic-peanut-butter-cookies/,https://www.allrecipes.com/recipe/72371/papaya-boats/,https://www.allrecipes.com/recipe/233423/raspberry-shortcake-ice-pops/,https://www.allrecipes.com/recipe/222423/blushing-betty-rhubarb-dessert/,https://www.allrecipes.com/recipe/10598/buried-treasure-date-bars/,https://www.allrecipes.com/recipe/215328/orange-surprise-pops/,https://www.allrecipes.com/recipe/256900/frozen-berry-slush/
https://www.allrecipes.com/recipe/18999/candied-citrus-peel/,https://www.allrecipes.com/recipe/50441/pumpkin-protein-cookies/,https://www.allrecipes.com/recipe/232749/healthy-peanut-butter-fruit-dip/,https://www.allrecipes.com/recipe/21133/sweet-baked-apples/,https://www.allrecipes.com/recipe/258465/grown-up-dole-whip/,https://www.allrecipes.com/recipe/222124/healthier-sweet-potato-pie-i/,https://www.allrecipes.com/recipe/109118/banana-honey-yogurt-ice/,https://www.allrecipes.com/recipe/237818/eight-treasure-porridge-dessert/,https://www.allrecipes.com/recipe/104983/orange-baked-alaska/,https://www.allrecipes.com/recipe/35986/banana-kiwi-strawberry-tart/,
https://www.allrecipes.com/recipe/24062/apple-pudding/,https://www.allrecipes.com/recipe/12979/apricot-lentil-soup/,https://www.allrecipes.com/recipe/62393/tart-cherry-cobbler/,https://www.allrecipes.com/recipe/168702/watermelon-granita-with-champagne/,https://www.allrecipes.com/recipe/235771/orange-spice-garbanzo-cake/,https://www.allrecipes.com/recipe/38174/extra-simple-bbq-banana/,https://www.allrecipes.com/recipe/271110/brown-butter-cassava-flour-snickerdoodles/,https://www.allrecipes.com/recipe/215567/cold-fruit-explosion-soup/,https://www.allrecipes.com/recipe/11111/oatmeal-fruit-cookie-mix-in-a-jar/,https://www.allrecipes.com/recipe/36055/shudderuppers/,
https://www.allrecipes.com/recipe/229052/chevre-cheesecake/,https://www.allrecipes.com/recipe/12533/berry-custard-pie/,https://www.allrecipes.com/recipe/229656/lime-jell-o-waldorf-salad/,https://www.allrecipes.com/recipe/218308/reduced-fat-and-cholesterol-red-velvet-cake/,https://www.allrecipes.com/recipe/229382/grandmas-carrot-celery-pecan-jell-o-salad/,https://www.allrecipes.com/recipe/256692/blueberry-frozen-yogurt/,https://www.allrecipes.com/recipe/218571/callies-mock-frozen-yogurt/,https://www.allrecipes.com/recipe/22896/cool-down-fruit-salad/,https://www.allrecipes.com/recipe/12572/banana-yogurt-pie/,https://www.allrecipes.com/recipe/241698/apples-and-pears-dessert/,
https://www.allrecipes.com/recipe/237221/banana-and-peanut-butter-4-ingredient-ice-cream/,https://www.allrecipes.com/recipe/19587/quinoa-breakfast-pudding/,https://www.allrecipes.com/recipe/13104/strawberry-soup-i/,https://www.allrecipes.com/recipe/146929/flambeed-vanilla-poached-pears-with-apricot-sauce/,https://www.allrecipes.com/recipe/71896/sweet-rice-and-mango/,https://www.allrecipes.com/recipe/222123/healthier-too-much-chocolate-cake/,https://www.allrecipes.com/recipe/143848/blushing-cranberry-pears/,https://www.allrecipes.com/recipe/240769/crancrack-cranberry-salad/,https://www.allrecipes.com/recipe/220017/slim-fit-king-cake/,https://www.allrecipes.com/recipe/259908/cactus-fig-and-lime-sorbet/,
https://www.allrecipes.com/recipe/22332/barbequed-pineapple/,https://www.allrecipes.com/recipe/18491/tart-n-sweet-rhubarb-crisp/,https://www.allrecipes.com/recipe/214822/mango-tango-sorbet/,https://www.allrecipes.com/recipe/152247/easy-chocolate-sherbet/,https://www.allrecipes.com/recipe/14243/cranberry-gelatin-salad/,https://www.allrecipes.com/recipe/15682/blueberry-bake/,https://www.allrecipes.com/recipe/265900/4th-of-july-fruit-kabobs/,https://www.allrecipes.com/recipe/10862/banana-oat-and-bran-cookies/,https://www.allrecipes.com/recipe/239459/fruity-parfaits/,https://www.allrecipes.com/recipe/254902/almost-like-snickers/,
https://www.allrecipes.com/recipe/228020/breakfast-brownies/,https://www.allrecipes.com/recipe/220152/oven-fried-bananas/,https://www.allrecipes.com/recipe/10315/brownies-in-a-jar/,https://www.allrecipes.com/recipe/215802/apple-and-pear-soup/,https://www.allrecipes.com/recipe/69007/candied-apples/,https://www.allrecipes.com/recipe/11045/power-bars/,https://www.allrecipes.com/recipe/237649/chilled-mango-and-pineapple-soup/,https://www.allrecipes.com/recipe/190060/champagne-sorbet-with-berry-medley/,https://www.allrecipes.com/recipe/14429/winter-fruit-salad/,https://www.allrecipes.com/recipe/13690/cranberry-ice/,
https://www.allrecipes.com/recipe/15860/green-tomato-mincemeat/,https://www.allrecipes.com/recipe/222108/healthier-simple-white-cake/,https://www.allrecipes.com/recipe/277538/no-bake-healthy-brownies/,https://www.allrecipes.com/recipe/238699/grilled-bananas/,https://www.allrecipes.com/recipe/103808/guava-preserves/,https://www.allrecipes.com/recipe/222142/healthier-chewy-chocolate-chip-oatmeal-cookies/,https://www.allrecipes.com/recipe/219437/healthier-but-still-the-best-rolled-sugar-cookies/,https://www.allrecipes.com/recipe/229384/mom-gs-cranberry-jell-o-salad/,https://www.allrecipes.com/recipe/69743/eggnog-pudding/,https://www.allrecipes.com/recipe/215215/honey-fruit-dessert/,
https://www.allrecipes.com/recipe/189813/triple-berry-sorbet/,https://www.allrecipes.com/recipe/258206/kiwi-lime-pops/,https://www.allrecipes.com/recipe/238092/vegan-banana-ice-cream/,https://www.allrecipes.com/recipe/56148/spiced-pears-and-pomegranate/,https://www.allrecipes.com/recipe/241476/pudding-fruit-salad/,https://www.allrecipes.com/recipe/233520/pluma-moos/,https://www.allrecipes.com/recipe/223000/strawberry-firecracker-banana-wobblers/,https://www.allrecipes.com/recipe/76322/trainor-family-cranberry-salad/,https://www.allrecipes.com/recipe/13502/cranberry-apple-gelatin-mold/,https://www.allrecipes.com/recipe/162437/logans-fruity-fresh-pie/,
https://www.allrecipes.com/recipe/237737/blueberry-quinoa-with-lemon-glaze/,https://www.allrecipes.com/recipe/55358/pumpkin-pie-for-dieters/,https://www.allrecipes.com/recipe/228017/low-fat-breakfast-cookies/,https://www.allrecipes.com/recipe/21589/candied-apples-iii/,https://www.allrecipes.com/recipe/129206/mexican-mango/,https://www.allrecipes.com/recipe/242181/fresh-watermelon-gazpacho/,https://www.allrecipes.com/recipe/239453/baked-apple-crisp/,https://www.allrecipes.com/recipe/257487/mizu-shingen-mochi-with-strawberry-compote/,https://www.allrecipes.com/recipe/19178/hot-cinnamon-candy-covered-apples/,https://www.allrecipes.com/recipe/268474/actifried-apples-with-apricots-and-almonds/,
https://www.allrecipes.com/recipe/18984/apple-snow/,https://www.allrecipes.com/recipe/20322/zabaglione/,https://www.allrecipes.com/recipe/23031/red-hot-baked-apples/,https://www.allrecipes.com/recipe/25164/lime-fruit-salad-in-a-mold/,https://www.allrecipes.com/recipe/215054/blackberry-with-red-wine-sorbet/,https://www.allrecipes.com/recipe/217008/citrus-ice-pops/,https://www.allrecipes.com/recipe/125863/bourbon-candy-apples/,https://www.allrecipes.com/recipe/222129/healthier-award-winning-soft-chocolate-chip-cookies/,https://www.allrecipes.com/recipe/73919/mango-freezer-treat/,https://www.allrecipes.com/recipe/20375/fruity-tofu-parfait-with-granola/,
https://www.allrecipes.com/recipe/222146/healthier-soft-oatmeal-cookies/,https://www.allrecipes.com/recipe/15865/apple-pie-in-a-jar/,https://www.allrecipes.com/recipe/76202/apple-and-honey-sorbet/,https://www.allrecipes.com/recipe/16452/orange-sherbet-salad-i/,https://www.allrecipes.com/recipe/13624/cranberry-salad-v/,https://www.allrecipes.com/recipe/80787/real-german-baked-apples/,https://www.allrecipes.com/recipe/16834/mincemeat-ii/,https://www.allrecipes.com/recipe/107234/frozen-fruit-and-soda-cups/,https://www.allrecipes.com/recipe/257607/paleo-coconut-lemon-cake/,https://www.allrecipes.com/recipe/104906/mint-orange-terrine/,
https://www.allrecipes.com/recipe/256825/warm-berry-compote/,https://www.allrecipes.com/recipe/222091/healthier-easy-sugar-cookies/,https://www.allrecipes.com/recipe/214468/blueberry-granita/,https://www.allrecipes.com/recipe/77516/easy-blueberry-lemon-parfait/,https://www.allrecipes.com/recipe/49777/rhubarb-gelatin-salad/,https://www.allrecipes.com/recipe/86366/carlas-baked-bananas/,https://www.allrecipes.com/recipe/150157/apple-and-pumpkin-dessert/,https://www.allrecipes.com/recipe/14475/dried-fruit-salad/,https://www.allrecipes.com/recipe/254175/banana-ice-cream-topping/,https://www.allrecipes.com/recipe/236570/creamy-iced-applesauce-bars/,
https://www.allrecipes.com/recipe/143382/the-ultimate-summer-fruit-soup/,https://www.allrecipes.com/recipe/14188/momma-lambs-famous-fruit-salad/,https://www.allrecipes.com/recipe/34320/fig-filling-for-pastry/,https://www.allrecipes.com/recipe/222997/drunken-berries/,https://www.allrecipes.com/recipe/24654/old-fashioned-fruit-soup/,https://www.allrecipes.com/recipe/219436/healthier-absolutely-the-best-chocolate-chip-cookies/,https://www.allrecipes.com/recipe/75737/elderberry-soup/,https://www.allrecipes.com/recipe/235456/red-wine-poached-pears-with-chocolate-filling/,https://www.allrecipes.com/recipe/219458/healthier-cake-balls/,https://www.allrecipes.com/recipe/218491/bigmoms-cranberry-salad/
